filename,true_label,predicted_label,confidence
ABS\abs_1.jpg,ABS,ABS,0.99870884
ABS\abs_10.jpg,ABS,ABS,0.9843753
ABS\abs_100.jpg,ABS,ABS,0.97976
ABS\abs_1000.jpg,ABS,ABS,0.99236405
ABS\abs_1001.jpg,ABS,ABS,0.9988148
ABS\abs_1002.jpg,ABS,ABS,0.9794205
ABS\abs_1003.jpg,ABS,ABS,0.9999746
ABS\abs_1004.jpg,ABS,ABS,0.9991068
ABS\abs_1005.jpg,ABS,ABS,0.99887127
ABS\abs_1006.jpg,ABS,ABS,0.99233526
ABS\abs_1007.jpg,ABS,ABS,0.9289564
ABS\abs_1008.jpg,ABS,ABS,0.9997415
ABS\abs_1009.jpg,ABS,ABS,0.9995177
ABS\abs_101.jpg,ABS,PTFE,0.6643388
ABS\abs_1010.jpg,ABS,ABS,0.9966641
ABS\abs_1011.jpg,ABS,ABS,0.97026235
ABS\abs_1012.jpg,ABS,ABS,0.9634436
ABS\abs_1013.jpg,ABS,ABS,0.91296023
ABS\abs_1014.jpg,ABS,ABS,0.9772515
ABS\abs_1015.jpg,ABS,ABS,0.9425044
ABS\abs_1016.jpg,ABS,ABS,0.9560216
ABS\abs_1017.jpg,ABS,ABS,0.99953985
ABS\abs_1018.jpg,ABS,ABS,0.99801564
ABS\abs_1019.jpg,ABS,ABS,0.99899966
ABS\abs_102.jpg,ABS,ABS,0.99932384
ABS\abs_1020.jpg,ABS,ABS,0.9994011
ABS\abs_1021.jpg,ABS,ABS,0.9955289
ABS\abs_1022.jpg,ABS,ABS,0.95201784
ABS\abs_1023.jpg,ABS,ABS,0.9998035
ABS\abs_1024.jpg,ABS,ABS,0.99867153
ABS\abs_1025.jpg,ABS,ABS,0.9949142
ABS\abs_1026.jpg,ABS,ABS,0.9863732
ABS\abs_1027.jpg,ABS,ABS,0.99985397
ABS\abs_1028.jpg,ABS,ABS,0.99804807
ABS\abs_1029.jpg,ABS,ABS,0.9998747
ABS\abs_103.jpg,ABS,ABS,0.99502385
ABS\abs_1030.jpg,ABS,ABS,0.9992625
ABS\abs_1031.jpg,ABS,PC,0.88033885
ABS\abs_1032.jpg,ABS,ABS,0.99855703
ABS\abs_1033.jpg,ABS,ABS,0.9997398
ABS\abs_1034.jpg,ABS,ABS,0.99651945
ABS\abs_1035.jpg,ABS,ABS,0.998055
ABS\abs_1036.jpg,ABS,ABS,0.9885184
ABS\abs_1037.jpg,ABS,ABS,0.9999908
ABS\abs_1038.jpg,ABS,ABS,0.9988416
ABS\abs_1039.jpg,ABS,ABS,0.9334291
ABS\abs_104.jpg,ABS,ABS,0.9964245
ABS\abs_1040.jpg,ABS,ABS,0.9856398
ABS\abs_1041.jpg,ABS,ABS,0.99932694
ABS\abs_1042.jpg,ABS,ABS,0.9964289
ABS\abs_1043.jpg,ABS,ABS,0.994466
ABS\abs_1044.jpg,ABS,ABS,0.994121
ABS\abs_1045.jpg,ABS,ABS,0.98122483
ABS\abs_1046.jpg,ABS,ABS,0.999838
ABS\abs_1047.jpg,ABS,ABS,0.99790406
ABS\abs_1048.jpg,ABS,ABS,0.9929807
ABS\abs_1049.jpg,ABS,ABS,0.9978976
ABS\abs_105.jpg,ABS,ABS,0.6082763
ABS\abs_1050.jpg,ABS,ABS,0.94891137
ABS\abs_1051.jpg,ABS,ABS,0.94937694
ABS\abs_1052.jpg,ABS,ABS,0.9971841
ABS\abs_1053.jpg,ABS,ABS,0.99908197
ABS\abs_1054.jpg,ABS,PS,0.7519418
ABS\abs_1055.jpg,ABS,ABS,0.9977354
ABS\abs_1056.jpg,ABS,ABS,0.9989108
ABS\abs_1057.jpg,ABS,ABS,0.99509627
ABS\abs_1058.jpg,ABS,ABS,0.9974267
ABS\abs_1059.jpg,ABS,ABS,0.99829704
ABS\abs_106.jpg,ABS,ABS,0.9988456
ABS\abs_1060.jpg,ABS,ABS,0.9998454
ABS\abs_1061.jpg,ABS,ABS,0.99996626
ABS\abs_1062.jpg,ABS,ABS,0.99939704
ABS\abs_1063.jpg,ABS,ABS,0.99764985
ABS\abs_1064.jpg,ABS,ABS,0.9947137
ABS\abs_1065.jpg,ABS,ABS,0.99740726
ABS\abs_1066.jpg,ABS,ABS,0.99344444
ABS\abs_1067.jpg,ABS,ABS,0.9943967
ABS\abs_1068.jpg,ABS,ABS,0.98332214
ABS\abs_1069.jpg,ABS,ABS,0.999856
ABS\abs_107.jpg,ABS,ABS,0.998933
ABS\abs_1070.jpg,ABS,ABS,0.9998965
ABS\abs_1071.jpg,ABS,ABS,0.9994733
ABS\abs_1072.jpg,ABS,ABS,0.9999298
ABS\abs_1073.jpg,ABS,ABS,0.99366826
ABS\abs_1074.jpg,ABS,ABS,0.99054295
ABS\abs_1075.jpg,ABS,ABS,0.991409
ABS\abs_1076.jpg,ABS,ABS,0.9944998
ABS\abs_1077.jpg,ABS,ABS,0.9903048
ABS\abs_1078.jpg,ABS,ABS,0.9494162
ABS\abs_1079.jpg,ABS,ABS,0.9993575
ABS\abs_108.jpg,ABS,ABS,0.9965497
ABS\abs_1080.jpg,ABS,ABS,0.99351406
ABS\abs_1081.jpg,ABS,ABS,0.9994593
ABS\abs_1082.jpg,ABS,ABS,0.98265463
ABS\abs_1083.jpg,ABS,ABS,0.983093
ABS\abs_1084.jpg,ABS,ABS,0.9905433
ABS\abs_1085.jpg,ABS,ABS,0.9986639
ABS\abs_1086.jpg,ABS,ABS,0.98965985
ABS\abs_1087.jpg,ABS,ABS,0.9597442
ABS\abs_1088.jpg,ABS,ABS,0.9764024
ABS\abs_1089.jpg,ABS,ABS,0.99843603
ABS\abs_109.jpg,ABS,ABS,0.85531527
ABS\abs_1090.jpg,ABS,ABS,0.99883634
ABS\abs_1091.jpg,ABS,ABS,0.99969184
ABS\abs_1092.jpg,ABS,ABS,0.9921583
ABS\abs_1093.jpg,ABS,ABS,0.992525
ABS\abs_1094.jpg,ABS,ABS,0.99945134
ABS\abs_1095.jpg,ABS,ABS,0.8104145
ABS\abs_1096.jpg,ABS,ABS,0.99894804
ABS\abs_1097.jpg,ABS,ABS,0.9939965
ABS\abs_1098.jpg,ABS,ABS,0.999925
ABS\abs_1099.jpg,ABS,ABS,0.9982181
ABS\abs_11.jpg,ABS,ABS,0.88916403
ABS\abs_110.jpg,ABS,ABS,0.9914718
ABS\abs_1100.jpg,ABS,ABS,0.99512357
ABS\abs_1101.jpg,ABS,ABS,0.99792284
ABS\abs_1102.jpg,ABS,ABS,0.94889987
ABS\abs_1103.jpg,ABS,ABS,0.9902602
ABS\abs_1104.jpg,ABS,ABS,0.97573483
ABS\abs_1105.jpg,ABS,ABS,0.998137
ABS\abs_1106.jpg,ABS,ABS,0.8507648
ABS\abs_1107.jpg,ABS,TPU,0.6864821
ABS\abs_1108.jpg,ABS,ABS,0.9967525
ABS\abs_1109.jpg,ABS,ABS,0.9999013
ABS\abs_111.jpg,ABS,ABS,0.99979705
ABS\abs_1110.jpg,ABS,ABS,0.96079105
ABS\abs_1111.jpg,ABS,ABS,0.9998869
ABS\abs_1112.jpg,ABS,ABS,0.99949586
ABS\abs_1113.jpg,ABS,ABS,0.99683255
ABS\abs_1114.jpg,ABS,ABS,0.99979264
ABS\abs_1115.jpg,ABS,ABS,0.99778074
ABS\abs_1116.jpg,ABS,ABS,0.9961098
ABS\abs_1117.jpg,ABS,ABS,0.999796
ABS\abs_1118.jpg,ABS,ABS,0.9997205
ABS\abs_1119.jpg,ABS,ABS,0.99888605
ABS\abs_112.jpg,ABS,ABS,0.9852718
ABS\abs_1120.jpg,ABS,ABS,0.9998312
ABS\abs_1121.jpg,ABS,ABS,0.9988657
ABS\abs_1122.jpg,ABS,ABS,0.9997712
ABS\abs_1123.jpg,ABS,ABS,0.9987494
ABS\abs_1124.jpg,ABS,ABS,0.9998648
ABS\abs_1125.jpg,ABS,ABS,0.99953544
ABS\abs_1126.jpg,ABS,ABS,0.99873334
ABS\abs_1127.jpg,ABS,ABS,0.995372
ABS\abs_1128.jpg,ABS,ABS,0.99953413
ABS\abs_1129.jpg,ABS,PVC,0.6573507
ABS\abs_113.jpg,ABS,ABS,0.9897317
ABS\abs_1130.jpg,ABS,PC,0.5893006
ABS\abs_1131.jpg,ABS,TPU,0.8537368
ABS\abs_1132.jpg,ABS,ABS,0.7135518
ABS\abs_1133.jpg,ABS,ABS,0.39639357
ABS\abs_1134.jpg,ABS,PC,0.8690513
ABS\abs_1135.jpg,ABS,ABS,0.8539895
ABS\abs_1136.jpg,ABS,TPU,0.9317092
ABS\abs_1137.jpg,ABS,TPU,0.78285104
ABS\abs_1138.jpg,ABS,ABS,0.69106126
ABS\abs_1139.jpg,ABS,SAN,0.5825176
ABS\abs_114.jpg,ABS,ABS,0.9971691
ABS\abs_1140.jpg,ABS,PVC,0.80813277
ABS\abs_1141.jpg,ABS,TPU,0.29512686
ABS\abs_1142.jpg,ABS,SAN,0.6584289
ABS\abs_1143.jpg,ABS,ABS,0.58167386
ABS\abs_1144.jpg,ABS,SAN,0.7967589
ABS\abs_1145.jpg,ABS,TPU,0.9133076
ABS\abs_1146.jpg,ABS,LDPE,0.48886526
ABS\abs_1147.jpg,ABS,TPU,0.5067636
ABS\abs_1148.jpg,ABS,LDPE,0.56403136
ABS\abs_1149.jpg,ABS,ABS,0.9293722
ABS\abs_115.jpg,ABS,ABS,0.9723207
ABS\abs_1150.jpg,ABS,ABS,0.5766872
ABS\abs_1151.jpg,ABS,PVC,0.75613576
ABS\abs_1152.jpg,ABS,EVA,0.5903968
ABS\abs_1153.jpg,ABS,SAN,0.42178565
ABS\abs_1154.jpg,ABS,ABS,0.9078998
ABS\abs_1155.jpg,ABS,ABS,0.63363826
ABS\abs_1156.jpg,ABS,PET,0.4325843
ABS\abs_1157.jpg,ABS,ABS,0.61266226
ABS\abs_1158.jpg,ABS,PVC,0.63417566
ABS\abs_1159.jpg,ABS,ABS,0.5437246
ABS\abs_116.jpg,ABS,ABS,0.85404557
ABS\abs_1160.jpg,ABS,EVA,0.59359276
ABS\abs_1161.jpg,ABS,PVC,0.54169744
ABS\abs_1162.jpg,ABS,SAN,0.69382024
ABS\abs_1163.jpg,ABS,ABS,0.75233114
ABS\abs_1164.jpg,ABS,PVC,0.9017698
ABS\abs_1165.jpg,ABS,PVC,0.44728947
ABS\abs_1166.jpg,ABS,PVC,0.7679133
ABS\abs_1167.jpg,ABS,PVC,0.60535395
ABS\abs_1168.jpg,ABS,TPU,0.6855945
ABS\abs_1169.jpg,ABS,PVC,0.62636524
ABS\abs_117.jpg,ABS,PBT,0.450354
ABS\abs_1170.jpg,ABS,PC,0.5731592
ABS\abs_1171.jpg,ABS,PET,0.31635523
ABS\abs_1172.jpg,ABS,PVC,0.96885866
ABS\abs_1173.jpg,ABS,PVC,0.5428062
ABS\abs_1174.jpg,ABS,ABS,0.9272806
ABS\abs_1175.jpg,ABS,ABS,0.34313974
ABS\abs_1176.jpg,ABS,PVC,0.8692994
ABS\abs_1177.jpg,ABS,PC,0.47928044
ABS\abs_1178.jpg,ABS,PVC,0.9893071
ABS\abs_1179.jpg,ABS,ABS,0.5061639
ABS\abs_118.jpg,ABS,ABS,0.8245747
ABS\abs_1180.jpg,ABS,PVC,0.32992738
ABS\abs_1181.jpg,ABS,ABS,0.5239091
ABS\abs_1182.jpg,ABS,PC,0.7960986
ABS\abs_1183.jpg,ABS,PE,0.49067172
ABS\abs_1184.jpg,ABS,PC,0.5955861
ABS\abs_1185.jpg,ABS,PBT,0.2594899
ABS\abs_1186.jpg,ABS,ABS,0.5931995
ABS\abs_1187.jpg,ABS,ABS,0.3004201
ABS\abs_1188.jpg,ABS,TPU,0.7680714
ABS\abs_1189.jpg,ABS,EVA,0.5506449
ABS\abs_119.jpg,ABS,ABS,0.9992016
ABS\abs_1190.jpg,ABS,ABS,0.946841
ABS\abs_1191.jpg,ABS,PVC,0.5480554
ABS\abs_1192.jpg,ABS,PVC,0.4599998
ABS\abs_1193.jpg,ABS,ABS,0.95719355
ABS\abs_1194.jpg,ABS,PEEK,0.8769489
ABS\abs_1195.jpg,ABS,ABS,0.9965474
ABS\abs_1196.jpg,ABS,PEEK,0.90020066
ABS\abs_1197.jpg,ABS,ABS,0.45282644
ABS\abs_1198.jpg,ABS,ABS,0.99038273
ABS\abs_1199.jpg,ABS,ABS,0.9918173
ABS\abs_12.jpg,ABS,ABS,0.911765
ABS\abs_120.jpg,ABS,ABS,0.9988323
ABS\abs_1200.jpg,ABS,ABS,0.48545095
ABS\abs_1201.jpg,ABS,ABS,0.3078127
ABS\abs_1202.jpg,ABS,ABS,0.56157464
ABS\abs_1203.jpg,ABS,ABS,0.9162088
ABS\abs_1204.jpg,ABS,ABS,0.99131495
ABS\abs_1205.jpg,ABS,ABS,0.9882544
ABS\abs_1206.jpg,ABS,ABS,0.9979663
ABS\abs_1207.jpg,ABS,PTFE,0.4118885
ABS\abs_1208.jpg,ABS,ABS,0.99908483
ABS\abs_1209.jpg,ABS,ABS,0.8885574
ABS\abs_121.jpg,ABS,ABS,0.9993193
ABS\abs_1210.jpg,ABS,ABS,0.95598537
ABS\abs_1211.jpg,ABS,ABS,0.98143584
ABS\abs_1212.jpg,ABS,PEEK,0.87432337
ABS\abs_1213.jpg,ABS,ABS,0.9260103
ABS\abs_1214.jpg,ABS,ABS,0.9930153
ABS\abs_1215.jpg,ABS,ABS,0.84425354
ABS\abs_1216.jpg,ABS,ABS,0.9648408
ABS\abs_1217.jpg,ABS,ABS,0.8883549
ABS\abs_1218.jpg,ABS,ABS,0.75694877
ABS\abs_1219.jpg,ABS,ABS,0.60880995
ABS\abs_122.jpg,ABS,ABS,0.9967769
ABS\abs_1220.jpg,ABS,ABS,0.99975306
ABS\abs_1221.jpg,ABS,ABS,0.6373417
ABS\abs_1222.jpg,ABS,PA,0.639815
ABS\abs_1223.jpg,ABS,ABS,0.6667404
ABS\abs_1224.jpg,ABS,PA,0.76590675
ABS\abs_1225.jpg,ABS,ABS,0.99969935
ABS\abs_1226.jpg,ABS,PE,0.5672626
ABS\abs_1227.jpg,ABS,PA,0.67136425
ABS\abs_1228.jpg,ABS,ABS,0.95512676
ABS\abs_1229.jpg,ABS,ABS,0.85584795
ABS\abs_123.jpg,ABS,ABS,0.8381209
ABS\abs_1230.jpg,ABS,PEEK,0.9101946
ABS\abs_1231.jpg,ABS,ABS,0.62169784
ABS\abs_1232.jpg,ABS,ABS,0.98457277
ABS\abs_1233.jpg,ABS,ABS,0.7554885
ABS\abs_1234.jpg,ABS,ABS,0.80684394
ABS\abs_1235.jpg,ABS,ABS,0.6147723
ABS\abs_1236.jpg,ABS,ABS,0.93378466
ABS\abs_1237.jpg,ABS,ABS,0.9863201
ABS\abs_1238.jpg,ABS,ABS,0.99651587
ABS\abs_1239.jpg,ABS,PVC,0.37725386
ABS\abs_124.jpg,ABS,ABS,0.96730787
ABS\abs_1240.jpg,ABS,ABS,0.96162426
ABS\abs_1241.jpg,ABS,ABS,0.9982805
ABS\abs_1242.jpg,ABS,ABS,0.8994837
ABS\abs_1243.jpg,ABS,ABS,0.9848378
ABS\abs_1244.jpg,ABS,EVA,0.32874638
ABS\abs_1245.jpg,ABS,ABS,0.76276547
ABS\abs_1246.jpg,ABS,ABS,0.75102264
ABS\abs_1247.jpg,ABS,ABS,0.93638825
ABS\abs_1248.jpg,ABS,ABS,0.97389066
ABS\abs_1249.jpg,ABS,ABS,0.54529905
ABS\abs_125.jpg,ABS,ABS,0.9995678
ABS\abs_1250.jpg,ABS,ABS,0.9406183
ABS\abs_1251.jpg,ABS,ABS,0.99246573
ABS\abs_1252.jpg,ABS,ABS,0.99983513
ABS\abs_1253.jpg,ABS,ABS,0.99594104
ABS\abs_1254.jpg,ABS,ABS,0.9811353
ABS\abs_1255.jpg,ABS,ABS,0.9984464
ABS\abs_1256.jpg,ABS,ABS,0.99957365
ABS\abs_1257.jpg,ABS,ABS,0.9975962
ABS\abs_1258.jpg,ABS,ABS,0.9990301
ABS\abs_1259.jpg,ABS,ABS,0.9849754
ABS\abs_126.jpg,ABS,ABS,0.9379852
ABS\abs_1260.jpg,ABS,ABS,0.99840623
ABS\abs_1261.jpg,ABS,ABS,0.99966776
ABS\abs_1262.jpg,ABS,ABS,0.98033464
EVA\eva_1.jpg,EVA,PC,0.48451194
EVA\eva_17.jpg,EVA,ABS,0.37689528
EVA\eva_18.jpg,EVA,ABS,0.3123927
EVA\eva_19.jpg,EVA,EVA,0.92283714
EVA\eva_2.jpg,EVA,EVA,0.4581004
EVA\eva_20.jpg,EVA,EVA,0.54285
HDPE\hdpe_1.jpg,HDPE,HDPE,0.98981863
HDPE\hdpe_10.jpg,HDPE,HDPE,0.9998381
HDPE\hdpe_100.jpg,HDPE,HDPE,0.9966349
HDPE\hdpe_1000.jpg,HDPE,HDPE,0.9997216
HDPE\hdpe_1001.jpg,HDPE,HDPE,0.99159336
HDPE\hdpe_1002.jpg,HDPE,HDPE,0.99994254
HDPE\hdpe_1003.jpg,HDPE,HDPE,0.98341334
HDPE\hdpe_1004.jpg,HDPE,HDPE,0.9995617
HDPE\hdpe_1005.jpg,HDPE,HDPE,0.9722515
HDPE\hdpe_1006.jpg,HDPE,HDPE,0.9997367
HDPE\hdpe_1007.jpg,HDPE,HDPE,0.9999738
HDPE\hdpe_1008.jpg,HDPE,HDPE,0.99919695
HDPE\hdpe_1009.jpg,HDPE,HDPE,0.99975187
HDPE\hdpe_101.jpg,HDPE,HDPE,0.98424244
HDPE\hdpe_1010.jpg,HDPE,HDPE,0.9997652
HDPE\hdpe_1011.jpg,HDPE,HDPE,0.98839825
HDPE\hdpe_1012.jpg,HDPE,HDPE,0.9999949
HDPE\hdpe_1013.jpg,HDPE,HDPE,0.99840695
HDPE\hdpe_1014.jpg,HDPE,HDPE,0.9961991
HDPE\hdpe_1015.jpg,HDPE,HDPE,0.9993383
HDPE\hdpe_1016.jpg,HDPE,HDPE,0.9997917
HDPE\hdpe_1017.jpg,HDPE,HDPE,0.99965346
HDPE\hdpe_1018.jpg,HDPE,HDPE,0.9955245
HDPE\hdpe_1019.jpg,HDPE,HDPE,0.99702305
HDPE\hdpe_102.jpg,HDPE,HDPE,0.99586594
HDPE\hdpe_1020.jpg,HDPE,PC,0.42924872
HDPE\hdpe_103.jpg,HDPE,HDPE,0.9919368
HDPE\hdpe_104.jpg,HDPE,PS,0.64588004
HDPE\hdpe_105.jpg,HDPE,HDPE,0.99508274
HDPE\hdpe_106.jpg,HDPE,HDPE,0.9959252
HDPE\hdpe_107.jpg,HDPE,HDPE,0.99266475
HDPE\hdpe_108.jpg,HDPE,HDPE,0.9940714
HDPE\hdpe_109.jpg,HDPE,HDPE,0.99910885
HDPE\hdpe_11.jpg,HDPE,HDPE,0.99981195
HDPE\hdpe_110.jpg,HDPE,HDPE,0.9993325
HDPE\hdpe_111.jpg,HDPE,HDPE,0.99952424
HDPE\hdpe_112.jpg,HDPE,HDPE,0.99916625
HDPE\hdpe_113.jpg,HDPE,HDPE,0.9992168
HDPE\hdpe_114.jpg,HDPE,HDPE,0.99924785
HDPE\hdpe_115.jpg,HDPE,HDPE,0.71643746
HDPE\hdpe_116.jpg,HDPE,HDPE,0.9966941
HDPE\hdpe_117.jpg,HDPE,HDPE,0.9994246
HDPE\hdpe_118.jpg,HDPE,HDPE,0.9994511
HDPE\hdpe_119.jpg,HDPE,HDPE,0.99962175
HDPE\hdpe_12.jpg,HDPE,HDPE,0.99965906
HDPE\hdpe_120.jpg,HDPE,HDPE,0.9996748
HDPE\hdpe_121.jpg,HDPE,HDPE,0.99926585
HDPE\hdpe_122.jpg,HDPE,HDPE,0.99825054
HDPE\hdpe_123.jpg,HDPE,HDPE,0.99432594
HDPE\hdpe_124.jpg,HDPE,HDPE,0.98665303
HDPE\hdpe_125.jpg,HDPE,HDPE,0.97395575
HDPE\hdpe_126.jpg,HDPE,HDPE,0.36450872
HDPE\hdpe_127.jpg,HDPE,HDPE,0.98947173
HDPE\hdpe_128.jpg,HDPE,HDPE,0.9989544
HDPE\hdpe_129.jpg,HDPE,HDPE,0.9966949
HDPE\hdpe_13.jpg,HDPE,HDPE,0.9665582
HDPE\hdpe_130.jpg,HDPE,HDPE,0.9961855
HDPE\hdpe_131.jpg,HDPE,HDPE,0.99508977
HDPE\hdpe_132.jpg,HDPE,HDPE,0.9952631
HDPE\hdpe_133.jpg,HDPE,HDPE,0.99627113
HDPE\hdpe_134.jpg,HDPE,HDPE,0.9982613
HDPE\hdpe_135.jpg,HDPE,HDPE,0.99439657
HDPE\hdpe_136.jpg,HDPE,HDPE,0.99015033
HDPE\hdpe_137.jpg,HDPE,HDPE,0.83713126
HDPE\hdpe_138.jpg,HDPE,HDPE,0.7368647
HDPE\hdpe_139.jpg,HDPE,HDPE,0.9994748
HDPE\hdpe_14.jpg,HDPE,HDPE,0.99566406
HDPE\hdpe_140.jpg,HDPE,HDPE,0.9955354
HDPE\hdpe_141.jpg,HDPE,HDPE,0.9994393
HDPE\hdpe_142.jpg,HDPE,HDPE,0.9865216
HDPE\hdpe_143.jpg,HDPE,HDPE,0.98636705
HDPE\hdpe_144.jpg,HDPE,HDPE,0.99861157
HDPE\hdpe_145.jpg,HDPE,HDPE,0.9941393
HDPE\hdpe_146.jpg,HDPE,HDPE,0.99974436
HDPE\hdpe_147.jpg,HDPE,HDPE,0.9984005
HDPE\hdpe_148.jpg,HDPE,HDPE,0.99719584
HDPE\hdpe_149.jpg,HDPE,HDPE,0.75021577
HDPE\hdpe_15.jpg,HDPE,HDPE,0.98647183
HDPE\hdpe_150.jpg,HDPE,HDPE,0.99682873
HDPE\hdpe_151.jpg,HDPE,HDPE,0.9999002
HDPE\hdpe_152.jpg,HDPE,HDPE,0.99959034
HDPE\hdpe_153.jpg,HDPE,HDPE,0.99800915
HDPE\hdpe_154.jpg,HDPE,HDPE,0.99966896
HDPE\hdpe_155.jpg,HDPE,HDPE,0.99860865
HDPE\hdpe_156.jpg,HDPE,HDPE,0.99771106
HDPE\hdpe_157.jpg,HDPE,HDPE,0.99737716
HDPE\hdpe_158.jpg,HDPE,HDPE,0.8646066
HDPE\hdpe_159.jpg,HDPE,HDPE,0.99580693
HDPE\hdpe_16.jpg,HDPE,HDPE,0.9988759
HDPE\hdpe_160.jpg,HDPE,HDPE,0.91889316
HDPE\hdpe_161.jpg,HDPE,HDPE,0.9903054
HDPE\hdpe_162.jpg,HDPE,HDPE,0.9950472
HDPE\hdpe_163.jpg,HDPE,HDPE,0.96964765
HDPE\hdpe_164.jpg,HDPE,HDPE,0.9985973
HDPE\hdpe_165.jpg,HDPE,HDPE,0.9913617
HDPE\hdpe_166.jpg,HDPE,HDPE,0.999889
HDPE\hdpe_167.jpg,HDPE,HDPE,0.99620396
HDPE\hdpe_168.jpg,HDPE,HDPE,0.83823246
HDPE\hdpe_169.jpg,HDPE,HDPE,0.9969351
HDPE\hdpe_17.jpg,HDPE,HDPE,0.9994222
HDPE\hdpe_170.jpg,HDPE,HDPE,0.9921822
HDPE\hdpe_171.jpg,HDPE,PE,0.8592056
HDPE\hdpe_172.jpg,HDPE,HDPE,0.9974541
HDPE\hdpe_173.jpg,HDPE,HDPE,0.99539644
HDPE\hdpe_174.jpg,HDPE,HDPE,0.9959487
HDPE\hdpe_175.jpg,HDPE,HDPE,0.862806
HDPE\hdpe_176.jpg,HDPE,HDPE,0.91355497
HDPE\hdpe_177.jpg,HDPE,HDPE,0.9636142
HDPE\hdpe_178.jpg,HDPE,HDPE,0.9910581
HDPE\hdpe_179.jpg,HDPE,HDPE,0.9333354
HDPE\hdpe_18.jpg,HDPE,HDPE,0.9997732
HDPE\hdpe_180.jpg,HDPE,HDPE,0.9853955
HDPE\hdpe_181.jpg,HDPE,HDPE,0.92734534
HDPE\hdpe_182.jpg,HDPE,HDPE,0.9989342
HDPE\hdpe_183.jpg,HDPE,HDPE,0.96858954
HDPE\hdpe_184.jpg,HDPE,HDPE,0.44358647
HDPE\hdpe_185.jpg,HDPE,PA,0.74590504
HDPE\hdpe_186.jpg,HDPE,HDPE,0.9966965
HDPE\hdpe_187.jpg,HDPE,HDPE,0.99736893
HDPE\hdpe_188.jpg,HDPE,HDPE,0.98049897
HDPE\hdpe_189.jpg,HDPE,HDPE,0.9192704
HDPE\hdpe_19.jpg,HDPE,HDPE,0.99961025
HDPE\hdpe_190.jpg,HDPE,HDPE,0.9911404
HDPE\hdpe_191.jpg,HDPE,HDPE,0.983092
HDPE\hdpe_192.jpg,HDPE,HDPE,0.21598141
HDPE\hdpe_193.jpg,HDPE,HDPE,0.96240216
HDPE\hdpe_194.jpg,HDPE,HDPE,0.9998141
HDPE\hdpe_195.jpg,HDPE,HDPE,0.9505213
HDPE\hdpe_196.jpg,HDPE,HDPE,0.99919647
HDPE\hdpe_197.jpg,HDPE,HDPE,0.99797994
HDPE\hdpe_198.jpg,HDPE,HDPE,0.9982504
HDPE\hdpe_199.jpg,HDPE,HDPE,0.9994855
HDPE\hdpe_2.jpg,HDPE,HDPE,0.99897444
HDPE\hdpe_20.jpg,HDPE,HDPE,0.99239373
HDPE\hdpe_200.jpg,HDPE,HDPE,0.99349505
HDPE\hdpe_201.jpg,HDPE,HDPE,0.9978109
HDPE\hdpe_202.jpg,HDPE,HDPE,0.99487793
HDPE\hdpe_203.jpg,HDPE,HDPE,0.96518964
HDPE\hdpe_204.jpg,HDPE,HDPE,0.99954695
HDPE\hdpe_205.jpg,HDPE,HDPE,0.99961346
HDPE\hdpe_206.jpg,HDPE,HDPE,0.99725693
HDPE\hdpe_207.jpg,HDPE,HDPE,0.9673145
HDPE\hdpe_208.jpg,HDPE,HDPE,0.9976145
HDPE\hdpe_209.jpg,HDPE,HDPE,0.97338414
HDPE\hdpe_21.jpg,HDPE,HDPE,0.9959734
HDPE\hdpe_210.jpg,HDPE,HDPE,0.9943869
HDPE\hdpe_211.jpg,HDPE,HDPE,0.9999527
HDPE\hdpe_212.jpg,HDPE,HDPE,0.9922769
HDPE\hdpe_213.jpg,HDPE,HDPE,0.9955195
HDPE\hdpe_214.jpg,HDPE,HDPE,0.66488224
HDPE\hdpe_215.jpg,HDPE,HDPE,0.99989986
HDPE\hdpe_216.jpg,HDPE,HDPE,0.9700273
HDPE\hdpe_217.jpg,HDPE,HDPE,0.95714456
HDPE\hdpe_218.jpg,HDPE,HDPE,0.9915869
HDPE\hdpe_219.jpg,HDPE,HDPE,0.9944733
HDPE\hdpe_22.jpg,HDPE,HDPE,0.98891824
HDPE\hdpe_220.jpg,HDPE,HDPE,0.9968918
HDPE\hdpe_221.jpg,HDPE,HDPE,0.9928012
HDPE\hdpe_222.jpg,HDPE,HDPE,0.9990069
HDPE\hdpe_223.jpg,HDPE,HDPE,0.99997056
HDPE\hdpe_224.jpg,HDPE,HDPE,0.99946374
HDPE\hdpe_225.jpg,HDPE,HDPE,0.81315047
HDPE\hdpe_226.jpg,HDPE,HDPE,0.9980463
HDPE\hdpe_227.jpg,HDPE,HDPE,0.95714325
HDPE\hdpe_228.jpg,HDPE,HDPE,0.99453187
HDPE\hdpe_229.jpg,HDPE,HDPE,0.9979577
HDPE\hdpe_23.jpg,HDPE,HDPE,0.9684095
HDPE\hdpe_230.jpg,HDPE,HDPE,0.99455523
HDPE\hdpe_231.jpg,HDPE,HDPE,0.9926207
HDPE\hdpe_232.jpg,HDPE,HDPE,0.99554825
HDPE\hdpe_233.jpg,HDPE,HDPE,0.9935579
HDPE\hdpe_234.jpg,HDPE,HDPE,0.9932335
HDPE\hdpe_235.jpg,HDPE,HDPE,0.5434471
HDPE\hdpe_236.jpg,HDPE,PE,0.8982989
HDPE\hdpe_237.jpg,HDPE,HDPE,0.9993106
HDPE\hdpe_238.jpg,HDPE,HDPE,0.99709857
HDPE\hdpe_239.jpg,HDPE,HDPE,0.89375037
HDPE\hdpe_24.jpg,HDPE,HDPE,0.9996761
HDPE\hdpe_240.jpg,HDPE,HDPE,0.9609866
HDPE\hdpe_241.jpg,HDPE,HDPE,0.8135244
HDPE\hdpe_242.jpg,HDPE,HDPE,0.9306421
HDPE\hdpe_243.jpg,HDPE,PTFE,0.38303
HDPE\hdpe_244.jpg,HDPE,PS,0.53267115
HDPE\hdpe_245.jpg,HDPE,HDPE,0.5932672
HDPE\hdpe_246.jpg,HDPE,HDPE,0.99327326
HDPE\hdpe_247.jpg,HDPE,HDPE,0.4966997
HDPE\hdpe_248.jpg,HDPE,PET,0.5132844
HDPE\hdpe_249.jpg,HDPE,PA,0.47109574
HDPE\hdpe_25.jpg,HDPE,HDPE,0.99517006
HDPE\hdpe_250.jpg,HDPE,PE,0.23848656
HDPE\hdpe_251.jpg,HDPE,HDPE,0.97549415
HDPE\hdpe_252.jpg,HDPE,HDPE,0.99743026
HDPE\hdpe_253.jpg,HDPE,HDPE,0.99193066
HDPE\hdpe_254.jpg,HDPE,HDPE,0.9523263
HDPE\hdpe_255.jpg,HDPE,HDPE,0.99083394
HDPE\hdpe_256.jpg,HDPE,HDPE,0.9956878
HDPE\hdpe_257.jpg,HDPE,HDPE,0.9976609
HDPE\hdpe_258.jpg,HDPE,HDPE,0.98034394
HDPE\hdpe_259.jpg,HDPE,SAN,0.27209333
HDPE\hdpe_26.jpg,HDPE,HDPE,0.9993124
HDPE\hdpe_260.jpg,HDPE,HDPE,0.9944003
HDPE\hdpe_261.jpg,HDPE,HDPE,0.9979151
HDPE\hdpe_262.jpg,HDPE,HDPE,0.968512
HDPE\hdpe_263.jpg,HDPE,HDPE,0.9735146
LDPE\ldpe_1.jpg,LDPE,LDPE,0.9708499
LDPE\ldpe_10.jpg,LDPE,LDPE,0.998345
LDPE\ldpe_100.jpg,LDPE,LDPE,0.9999387
LDPE\ldpe_101.jpg,LDPE,LDPE,0.46232617
LDPE\ldpe_102.jpg,LDPE,LDPE,0.99872667
LDPE\ldpe_103.jpg,LDPE,LDPE,0.9921801
LDPE\ldpe_104.jpg,LDPE,LDPE,0.99505603
LDPE\ldpe_105.jpg,LDPE,LDPE,0.99771947
LDPE\ldpe_106.jpg,LDPE,LDPE,0.9256586
LDPE\ldpe_107.jpg,LDPE,LDPE,0.988345
LDPE\ldpe_108.jpg,LDPE,LDPE,0.974358
LDPE\ldpe_109.jpg,LDPE,LDPE,0.98993593
LDPE\ldpe_11.jpg,LDPE,LDPE,0.98318154
LDPE\ldpe_110.jpg,LDPE,LDPE,0.998314
LDPE\ldpe_111.jpg,LDPE,LDPE,0.99948645
LDPE\ldpe_112.jpg,LDPE,LDPE,0.99059665
LDPE\ldpe_113.jpg,LDPE,LDPE,0.98455447
LDPE\ldpe_114.jpg,LDPE,LDPE,0.9072568
LDPE\ldpe_115.jpg,LDPE,LDPE,0.9996331
LDPE\ldpe_116.jpg,LDPE,LDPE,0.9984848
LDPE\ldpe_117.jpg,LDPE,LDPE,0.99619627
LDPE\ldpe_118.jpg,LDPE,LDPE,0.985862
LDPE\ldpe_119.jpg,LDPE,LDPE,0.9866145
LDPE\ldpe_12.jpg,LDPE,LDPE,0.95332956
LDPE\ldpe_120.jpg,LDPE,LDPE,0.9981515
LDPE\ldpe_121.jpg,LDPE,LDPE,0.99991703
LDPE\ldpe_122.jpg,LDPE,LDPE,0.9343353
LDPE\ldpe_123.jpg,LDPE,LDPE,0.9448446
LDPE\ldpe_124.jpg,LDPE,LDPE,0.92404366
LDPE\ldpe_125.jpg,LDPE,LDPE,0.913422
LDPE\ldpe_126.jpg,LDPE,LDPE,0.89617646
LDPE\ldpe_127.jpg,LDPE,LDPE,0.9641285
LDPE\ldpe_128.jpg,LDPE,LDPE,0.6232703
LDPE\ldpe_129.jpg,LDPE,LDPE,0.62304676
LDPE\ldpe_13.jpg,LDPE,LDPE,0.9991535
LDPE\ldpe_130.jpg,LDPE,LDPE,0.9980373
LDPE\ldpe_131.jpg,LDPE,LDPE,0.99989533
LDPE\ldpe_132.jpg,LDPE,LDPE,0.99905795
LDPE\ldpe_133.jpg,LDPE,PE,0.65007377
LDPE\ldpe_134.jpg,LDPE,LDPE,0.9977375
LDPE\ldpe_135.jpg,LDPE,LDPE,0.9713433
LDPE\ldpe_136.jpg,LDPE,LDPE,0.5465424
LDPE\ldpe_137.jpg,LDPE,LDPE,0.69708884
LDPE\ldpe_138.jpg,LDPE,LDPE,0.97359145
LDPE\ldpe_139.jpg,LDPE,LDPE,0.9951161
LDPE\ldpe_14.jpg,LDPE,LDPE,0.9993063
LDPE\ldpe_140.jpg,LDPE,LDPE,0.9994623
LDPE\ldpe_141.jpg,LDPE,LDPE,0.9955987
LDPE\ldpe_142.jpg,LDPE,LDPE,0.9985247
LDPE\ldpe_143.jpg,LDPE,LDPE,0.67288834
LDPE\ldpe_144.jpg,LDPE,LDPE,0.99625117
LDPE\ldpe_145.jpg,LDPE,LDPE,0.9986438
LDPE\ldpe_146.jpg,LDPE,LDPE,0.9953062
LDPE\ldpe_147.jpg,LDPE,LDPE,0.9905318
LDPE\ldpe_148.jpg,LDPE,LDPE,0.99985194
LDPE\ldpe_149.jpg,LDPE,LDPE,0.99925
LDPE\ldpe_15.jpg,LDPE,LDPE,0.99589205
LDPE\ldpe_150.jpg,LDPE,LDPE,0.9999155
LDPE\ldpe_151.jpg,LDPE,LDPE,0.99749374
LDPE\ldpe_152.jpg,LDPE,LDPE,0.9810315
LDPE\ldpe_153.jpg,LDPE,LDPE,0.9989681
LDPE\ldpe_154.jpg,LDPE,LDPE,0.9982066
LDPE\ldpe_155.jpg,LDPE,LDPE,0.99276954
LDPE\ldpe_156.jpg,LDPE,LDPE,0.8317015
LDPE\ldpe_157.jpg,LDPE,LDPE,0.9720437
LDPE\ldpe_158.jpg,LDPE,LDPE,0.9666022
LDPE\ldpe_159.jpg,LDPE,LDPE,0.9992743
LDPE\ldpe_16.jpg,LDPE,LDPE,0.9987664
LDPE\ldpe_160.jpg,LDPE,LDPE,0.9986167
LDPE\ldpe_161.jpg,LDPE,LDPE,0.9966273
LDPE\ldpe_162.jpg,LDPE,LDPE,0.9977272
LDPE\ldpe_163.jpg,LDPE,LDPE,0.99457836
LDPE\ldpe_164.jpg,LDPE,LDPE,0.99137527
LDPE\ldpe_165.jpg,LDPE,LDPE,0.99160177
LDPE\ldpe_166.jpg,LDPE,LDPE,0.9920046
LDPE\ldpe_167.jpg,LDPE,LDPE,0.9981652
LDPE\ldpe_168.jpg,LDPE,LDPE,0.9977442
LDPE\ldpe_169.jpg,LDPE,LDPE,0.9973041
LDPE\ldpe_17.jpg,LDPE,LDPE,0.99962425
LDPE\ldpe_170.jpg,LDPE,LDPE,0.9946727
LDPE\ldpe_171.jpg,LDPE,LDPE,0.8772331
LDPE\ldpe_172.jpg,LDPE,LDPE,0.9875373
PA\pa_1.jpg,PA,PA,0.9928415
PA\pa_10.jpg,PA,PTFE,0.39035264
PA\pa_100.jpg,PA,TPU,0.63856614
PA\pa_101.jpg,PA,PA,0.87332606
PA\pa_102.jpg,PA,TPU,0.51765513
PA\pa_103.jpg,PA,TPU,0.42411688
PA\pa_11.jpg,PA,PBT,0.9308009
PA\pa_12.jpg,PA,PA,0.45117506
PA\pa_13.jpg,PA,PA,0.891273
PA\pa_14.jpg,PA,TPU,0.9550664
PA\pa_15.jpg,PA,PVC,0.9864601
PA\pa_16.jpg,PA,PEEK,0.61219877
PA\pa_17.jpg,PA,PA,0.67180824
PA\pa_18.jpg,PA,PA,0.6461658
PA\pa_19.jpg,PA,PA,0.76268125
PA\pa_2.jpg,PA,PEEK,0.9384653
PA\pa_20.jpg,PA,TPU,0.984168
PA\pa_21.jpg,PA,PC,0.8583116
PA\pa_22.jpg,PA,PA,0.99289024
PA\pa_23.jpg,PA,PA,0.99839467
PBT\pbt_1.jpg,PBT,PBT,0.9969989
PBT\pbt_10.jpg,PBT,PVC,0.3898878
PBT\pbt_100.jpg,PBT,PBT,0.9999944
PBT\pbt_101.jpg,PBT,PBT,0.5450656
PBT\pbt_102.jpg,PBT,ABS,0.4160428
PBT\pbt_103.jpg,PBT,PEEK,0.9351246
PBT\pbt_11.jpg,PBT,TPU,0.6580601
PBT\pbt_12.jpg,PBT,PBT,0.54957557
PBT\pbt_13.jpg,PBT,PBT,0.6306438
PBT\pbt_14.jpg,PBT,PBT,0.5536589
PBT\pbt_15.jpg,PBT,PBT,0.5536589
PBT\pbt_16.jpg,PBT,PBT,0.9941865
PBT\pbt_17.jpg,PBT,PE,0.7353669
PBT\pbt_18.jpg,PBT,PA,0.48780257
PBT\pbt_19.jpg,PBT,PBT,0.97258097
PBT\pbt_2.jpg,PBT,PBT,0.96468884
PBT\pbt_20.jpg,PBT,PBT,0.2995109
PBT\pbt_21.jpg,PBT,PVC,0.3035032
PBT\pbt_22.jpg,PBT,PBT,0.8515603
PBT\pbt_23.jpg,PBT,PBT,0.99954057
PC\pc_1.jpg,PC,PC,0.9791157
PC\pc_10.jpg,PC,PET,0.78192496
PC\pc_100.jpg,PC,PE,0.44037285
PC\pc_101.jpg,PC,PC,0.7230745
PC\pc_102.jpg,PC,PE,0.6192225
PC\pc_103.jpg,PC,PS,0.30479085
PC\pc_104.jpg,PC,PE,0.859448
PC\pc_105.jpg,PC,PS,0.50232583
PC\pc_106.jpg,PC,PC,0.42785582
PC\pc_107.jpg,PC,PS,0.36084715
PC\pc_108.jpg,PC,PS,0.73037475
PC\pc_109.jpg,PC,PC,0.5074981
PC\pc_11.jpg,PC,PC,0.9927921
PC\pc_110.jpg,PC,PVC,0.69658166
PC\pc_111.jpg,PC,PC,0.8611806
PC\pc_112.jpg,PC,PTFE,0.23301938
PC\pc_113.jpg,PC,PP,0.44727272
PC\pc_114.jpg,PC,PS,0.6152622
PC\pc_115.jpg,PC,PET,0.65953904
PC\pc_116.jpg,PC,PS,0.58883715
PC\pc_117.jpg,PC,PE,0.80947423
PC\pc_118.jpg,PC,PS,0.76378465
PC\pc_119.jpg,PC,PS,0.66456413
PC\pc_12.jpg,PC,PET,0.8234417
PC\pc_120.jpg,PC,PC,0.8530877
PC\pc_121.jpg,PC,PC,0.75502306
PC\pc_122.jpg,PC,PS,0.5407991
PC\pc_123.jpg,PC,PC,0.52303374
PC\pc_124.jpg,PC,PC,0.63006395
PC\pc_125.jpg,PC,PC,0.45054242
PC\pc_126.jpg,PC,PC,0.32804626
PC\pc_127.jpg,PC,PE,0.626923
PC\pc_128.jpg,PC,PC,0.95326585
PC\pc_129.jpg,PC,PC,0.77475816
PC\pc_13.jpg,PC,PS,0.4704721
PC\pc_130.jpg,PC,PS,0.9298582
PC\pc_131.jpg,PC,PC,0.7904812
PC\pc_132.jpg,PC,PS,0.58844703
PC\pc_133.jpg,PC,PC,0.41559076
PC\pc_134.jpg,PC,PS,0.47448605
PC\pc_135.jpg,PC,PE,0.47534278
PC\pc_136.jpg,PC,PS,0.32789457
PC\pc_137.jpg,PC,PS,0.8463829
PC\pc_138.jpg,PC,PE,0.78124344
PC\pc_139.jpg,PC,PS,0.30479085
PC\pc_14.jpg,PC,PE,0.51502734
PC\pc_140.jpg,PC,PC,0.5600146
PC\pc_141.jpg,PC,PET,0.79916126
PC\pc_142.jpg,PC,PS,0.37532905
PC\pc_143.jpg,PC,PE,0.27717027
PC\pc_144.jpg,PC,PS,0.5933057
PC\pc_145.jpg,PC,PS,0.57172084
PC\pc_146.jpg,PC,PC,0.9030695
PC\pc_147.jpg,PC,PC,0.91095674
PC\pc_148.jpg,PC,PC,0.45054242
PC\pc_149.jpg,PC,PE,0.890237
PC\pc_15.jpg,PC,PC,0.90353316
PC\pc_150.jpg,PC,PS,0.7848174
PC\pc_151.jpg,PC,PP,0.30729815
PC\pc_152.jpg,PC,PC,0.420716
PC\pc_153.jpg,PC,PC,0.3372335
PC\pc_154.jpg,PC,PTFE,0.49978587
PC\pc_155.jpg,PC,PP,0.46694332
PC\pc_156.jpg,PC,PC,0.6311853
PC\pc_157.jpg,PC,PS,0.39682412
PC\pc_158.jpg,PC,PE,0.43687722
PC\pc_159.jpg,PC,PE,0.49466464
PC\pc_16.jpg,PC,PC,0.3814308
PC\pc_160.jpg,PC,PC,0.92894185
PC\pc_161.jpg,PC,PC,0.3659922
PC\pc_162.jpg,PC,PS,0.58715993
PC\pc_163.jpg,PC,PET,0.46345174
PC\pc_164.jpg,PC,PP,0.3864497
PC\pc_165.jpg,PC,PS,0.32789457
PC\pc_166.jpg,PC,PS,0.4753772
PC\pc_167.jpg,PC,PS,0.49100855
PC\pc_168.jpg,PC,TPU,0.23415256
PC\pc_169.jpg,PC,PS,0.70825833
PC\pc_17.jpg,PC,PC,0.50259537
PC\pc_170.jpg,PC,PVC,0.62353987
PC\pc_171.jpg,PC,PC,0.48242158
PC\pc_172.jpg,PC,PC,0.4619875
PC\pc_173.jpg,PC,PC,0.83550525
PC\pc_174.jpg,PC,PS,0.66739637
PC\pc_175.jpg,PC,PE,0.6394508
PC\pc_176.jpg,PC,PC,0.98067045
PC\pc_177.jpg,PC,PC,0.5431966
PC\pc_178.jpg,PC,PE,0.6283078
PC\pc_179.jpg,PC,PC,0.7415573
PC\pc_18.jpg,PC,PS,0.67632484
PC\pc_180.jpg,PC,PC,0.97031635
PC\pc_181.jpg,PC,PC,0.64679754
PC\pc_182.jpg,PC,PP,0.3329397
PC\pc_183.jpg,PC,PS,0.30479085
PC\pc_184.jpg,PC,PC,0.76645434
PC\pc_185.jpg,PC,PS,0.7774221
PC\pc_186.jpg,PC,PC,0.66740733
PC\pc_187.jpg,PC,PC,0.7885285
PE\pe_1.jpg,PE,PE,0.79983544
PE\pe_10.jpg,PE,PE,0.8966907
PE\pe_100.jpg,PE,PP,0.38139993
PE\pe_101.jpg,PE,PE,0.35621265
PE\pe_102.jpg,PE,PE,0.8663587
PE\pe_103.jpg,PE,PE,0.9655983
PE\pe_104.jpg,PE,PP,0.6053561
PE\pe_105.jpg,PE,PE,0.49423516
PE\pe_106.jpg,PE,PE,0.545212
PE\pe_107.jpg,PE,PTFE,0.4918643
PE\pe_108.jpg,PE,PET,0.36769018
PE\pe_109.jpg,PE,PE,0.49706894
PE\pe_11.jpg,PE,PC,0.76112044
PE\pe_110.jpg,PE,PE,0.94306624
PE\pe_111.jpg,PE,PE,0.76179826
PE\pe_112.jpg,PE,PE,0.4910588
PE\pe_113.jpg,PE,PE,0.7657271
PE\pe_114.jpg,PE,PE,0.95225567
PE\pe_115.jpg,PE,PE,0.38386935
PE\pe_116.jpg,PE,PE,0.9047474
PE\pe_117.jpg,PE,PET,0.6437966
PE\pe_118.jpg,PE,PC,0.5579214
PE\pe_119.jpg,PE,PC,0.4768525
PE\pe_12.jpg,PE,PE,0.92852676
PE\pe_120.jpg,PE,PC,0.3479568
PE\pe_121.jpg,PE,PE,0.82666135
PE\pe_122.jpg,PE,PE,0.82911044
PE\pe_123.jpg,PE,PC,0.5596075
PE\pe_124.jpg,PE,PE,0.7675101
PE\pe_125.jpg,PE,PE,0.41169384
PE\pe_126.jpg,PE,PE,0.44812444
PE\pe_127.jpg,PE,PS,0.40742213
PE\pe_128.jpg,PE,PE,0.52584136
PE\pe_129.jpg,PE,PC,0.3646585
PE\pe_13.jpg,PE,PC,0.6051324
PE\pe_130.jpg,PE,PE,0.32814622
PE\pe_131.jpg,PE,PS,0.60302716
PE\pe_132.jpg,PE,PE,0.9962872
PE\pe_133.jpg,PE,PE,0.9554531
PE\pe_134.jpg,PE,PET,0.28728408
PE\pe_135.jpg,PE,PE,0.535237
PE\pe_136.jpg,PE,PC,0.63484174
PE\pe_137.jpg,PE,PE,0.9459305
PE\pe_138.jpg,PE,PE,0.3672187
PE\pe_139.jpg,PE,PE,0.9978188
PE\pe_14.jpg,PE,PE,0.7112804
PE\pe_140.jpg,PE,PE,0.9963561
PE\pe_141.jpg,PE,PE,0.6291989
PE\pe_142.jpg,PE,PE,0.9975198
PE\pe_143.jpg,PE,PS,0.30479085
PE\pe_144.jpg,PE,PC,0.51556206
PE\pe_145.jpg,PE,PC,0.54199475
PE\pe_146.jpg,PE,PE,0.9663608
PE\pe_147.jpg,PE,PE,0.67687666
PE\pe_148.jpg,PE,PC,0.78477085
PE\pe_149.jpg,PE,PE,0.44053632
PE\pe_15.jpg,PE,PS,0.30479085
PE\pe_150.jpg,PE,PE,0.9750302
PE\pe_151.jpg,PE,PE,0.5792444
PE\pe_152.jpg,PE,PE,0.8317406
PE\pe_153.jpg,PE,PE,0.8712406
PE\pe_154.jpg,PE,PE,0.962374
PE\pe_155.jpg,PE,PE,0.59940976
PE\pe_156.jpg,PE,PE,0.56011224
PE\pe_157.jpg,PE,PE,0.99100834
PE\pe_158.jpg,PE,PE,0.6379186
PE\pe_159.jpg,PE,PE,0.9889669
PE\pe_16.jpg,PE,PE,0.7029397
PE\pe_160.jpg,PE,PE,0.98127604
PE\pe_161.jpg,PE,PE,0.85332334
PE\pe_162.jpg,PE,PE,0.46557307
PE\pe_163.jpg,PE,PE,0.5952862
PE\pe_164.jpg,PE,PC,0.4837462
PE\pe_165.jpg,PE,PE,0.72425133
PE\pe_166.jpg,PE,PC,0.5279727
PE\pe_167.jpg,PE,PE,0.9241082
PE\pe_168.jpg,PE,PE,0.9109699
PE\pe_169.jpg,PE,PE,0.76179826
PE\pe_17.jpg,PE,PE,0.65440637
PE\pe_170.jpg,PE,PS,0.3391809
PE\pe_171.jpg,PE,PE,0.48954225
PE\pe_172.jpg,PE,PC,0.48558787
PE\pe_173.jpg,PE,PE,0.9883837
PE\pe_174.jpg,PE,PE,0.6192378
PE\pe_175.jpg,PE,PE,0.9047474
PE\pe_176.jpg,PE,PET,0.6437966
PE\pe_177.jpg,PE,PC,0.5579214
PE\pe_178.jpg,PE,PC,0.4768525
PE\pe_179.jpg,PE,PC,0.3479568
PE\pe_18.jpg,PE,PS,0.3391809
PE\pe_180.jpg,PE,PS,0.53805655
PE\pe_181.jpg,PE,PE,0.82666135
PE\pe_182.jpg,PE,PE,0.82911044
PE\pe_183.jpg,PE,PC,0.5596075
PE\pe_184.jpg,PE,PE,0.7675101
PE\pe_185.jpg,PE,PE,0.44812444
PE\pe_186.jpg,PE,PS,0.40742213
PE\pe_187.jpg,PE,PE,0.52584136
PE\pe_188.jpg,PE,PC,0.3646585
PE\pe_189.jpg,PE,PE,0.32814622
PE\pe_19.jpg,PE,PE,0.74019855
PE\pe_190.jpg,PE,PS,0.60302716
PEEK\peek_1.jpg,PEEK,PEEK,0.9991591
PEEK\peek_10.jpg,PEEK,PEEK,0.98089796
PEEK\peek_100.jpg,PEEK,PEEK,0.99692816
PEEK\peek_101.jpg,PEEK,PEEK,0.98146
PEEK\peek_102.jpg,PEEK,PEEK,0.99692816
PEEK\peek_103.jpg,PEEK,PEEK,0.96037865
PEEK\peek_104.jpg,PEEK,PEEK,0.96037865
PEEK\peek_105.jpg,PEEK,PEEK,0.40586388
PEEK\peek_106.jpg,PEEK,PEEK,0.40586388
PEEK\peek_107.jpg,PEEK,PEEK,0.40586388
PEEK\peek_108.jpg,PEEK,PEEK,0.40586388
PEEK\peek_109.jpg,PEEK,PEEK,0.97017896
PEEK\peek_11.jpg,PEEK,PEEK,0.98089796
PEEK\peek_110.jpg,PEEK,PEEK,0.97017896
PEEK\peek_111.jpg,PEEK,PEEK,0.99974626
PEEK\peek_112.jpg,PEEK,PEEK,0.8299953
PEEK\peek_113.jpg,PEEK,PEEK,0.99974626
PEEK\peek_114.jpg,PEEK,PEEK,0.99841
PEEK\peek_115.jpg,PEEK,PEEK,0.99841
PEEK\peek_116.jpg,PEEK,PEEK,0.85672474
PEEK\peek_117.jpg,PEEK,PEEK,0.85672474
PEEK\peek_118.jpg,PEEK,PEEK,0.9993642
PEEK\peek_119.jpg,PEEK,PEEK,0.9993642
PEEK\peek_12.jpg,PEEK,PEEK,0.99956864
PEEK\peek_120.jpg,PEEK,PEEK,0.9874462
PEEK\peek_121.jpg,PEEK,PEEK,0.9874462
PEEK\peek_122.jpg,PEEK,PEEK,0.9925794
PEEK\peek_123.jpg,PEEK,PEEK,0.8299953
PET\pet_1.jpg,PET,PET,0.6935139
PET\pet_10.jpg,PET,PET,0.9671639
PET\pet_100.jpg,PET,PE,0.9651078
PET\pet_101.jpg,PET,PET,0.7891021
PET\pet_102.jpg,PET,PET,0.6031429
PET\pet_103.jpg,PET,PET,0.9916093
PET\pet_104.jpg,PET,PET,0.9514898
PET\pet_105.jpg,PET,PET,0.99061275
PET\pet_106.jpg,PET,PET,0.9943106
PET\pet_107.jpg,PET,PET,0.8249895
PET\pet_108.jpg,PET,PET,0.44744092
PET\pet_109.jpg,PET,PP,0.41651466
PET\pet_11.jpg,PET,TPU,0.6107554
PET\pet_110.jpg,PET,PET,0.95354
PET\pet_111.jpg,PET,PET,0.86915374
PET\pet_112.jpg,PET,PET,0.809987
PET\pet_113.jpg,PET,PET,0.5561057
PET\pet_114.jpg,PET,HDPE,0.65144503
PET\pet_115.jpg,PET,PET,0.9884914
PET\pet_116.jpg,PET,PET,0.93203926
PET\pet_117.jpg,PET,PET,0.9302721
PET\pet_118.jpg,PET,PET,0.9831199
PET\pet_119.jpg,PET,PTFE,0.5175485
PET\pet_12.jpg,PET,PET,0.99436027
PET\pet_120.jpg,PET,PET,0.7690828
PET\pet_121.jpg,PET,PET,0.7643107
PET\pet_122.jpg,PET,PET,0.99027854
PET\pet_123.jpg,PET,PET,0.9613344
PET\pet_124.jpg,PET,PET,0.6433473
PET\pet_125.jpg,PET,SAN,0.78556454
PET\pet_126.jpg,PET,PET,0.86024237
PET\pet_127.jpg,PET,PET,0.8317931
PET\pet_128.jpg,PET,PET,0.9798338
PET\pet_129.jpg,PET,PC,0.8827777
PET\pet_13.jpg,PET,PET,0.97468424
PET\pet_130.jpg,PET,PET,0.92848516
PET\pet_131.jpg,PET,PE,0.8003885
PET\pet_132.jpg,PET,PE,0.9697178
PET\pet_133.jpg,PET,ABS,0.40400115
PET\pet_134.jpg,PET,PET,0.5119563
PET\pet_135.jpg,PET,PET,0.85695726
PET\pet_136.jpg,PET,PET,0.42345685
PET\pet_137.jpg,PET,PET,0.45272154
PET\pet_138.jpg,PET,PE,0.9240809
PET\pet_139.jpg,PET,ABS,0.36387014
PET\pet_14.jpg,PET,PET,0.407391
PET\pet_140.jpg,PET,HDPE,0.36527318
PET\pet_141.jpg,PET,HDPE,0.98096967
PET\pet_142.jpg,PET,PE,0.8053184
PET\pet_143.jpg,PET,PET,0.8426681
PET\pet_144.jpg,PET,HDPE,0.8801806
PET\pet_145.jpg,PET,HDPE,0.4184812
PET\pet_146.jpg,PET,PET,0.95549804
PET\pet_147.jpg,PET,PE,0.5291673
PET\pet_148.jpg,PET,PE,0.80804735
PET\pet_149.jpg,PET,PE,0.42104214
PET\pet_15.jpg,PET,PET,0.9918903
PET\pet_150.jpg,PET,PET,0.9974093
PET\pet_151.jpg,PET,PE,0.37098882
PET\pet_152.jpg,PET,PE,0.5569484
PET\pet_153.jpg,PET,PE,0.24109845
PET\pet_154.jpg,PET,PE,0.4718691
PET\pet_155.jpg,PET,PET,0.70972574
PET\pet_156.jpg,PET,PE,0.57910454
PET\pet_157.jpg,PET,PET,0.41145623
PET\pet_158.jpg,PET,HDPE,0.5713215
PET\pet_159.jpg,PET,PE,0.7283859
PET\pet_16.jpg,PET,PET,0.99946135
PET\pet_160.jpg,PET,PE,0.8765267
PET\pet_161.jpg,PET,PE,0.93234456
PET\pet_162.jpg,PET,PC,0.7361348
PET\pet_163.jpg,PET,PET,0.50327694
PET\pet_164.jpg,PET,PE,0.6992931
PET\pet_165.jpg,PET,PET,0.8373428
PET\pet_166.jpg,PET,HDPE,0.8757681
PET\pet_167.jpg,PET,PET,0.5000766
PET\pet_168.jpg,PET,PET,0.6538414
PET\pet_169.jpg,PET,PET,0.898821
PET\pet_17.jpg,PET,PET,0.8046687
PET\pet_170.jpg,PET,PET,0.85821545
PET\pet_171.jpg,PET,PET,0.8096344
PET\pet_172.jpg,PET,HDPE,0.74454314
PET\pet_173.jpg,PET,PE,0.366606
PET\pet_174.jpg,PET,PET,0.77279836
PET\pet_175.jpg,PET,PE,0.506802
PET\pet_176.jpg,PET,PET,0.5886949
PET\pet_177.jpg,PET,PVC,0.47908467
PET\pet_178.jpg,PET,ABS,0.52927107
PET\pet_179.jpg,PET,PET,0.9391277
PET\pet_18.jpg,PET,PET,0.47416916
PET\pet_180.jpg,PET,PC,0.4151087
PET\pet_181.jpg,PET,PC,0.47006938
PET\pet_182.jpg,PET,PE,0.64769065
PET\pet_183.jpg,PET,PET,0.44209403
PET\pet_184.jpg,PET,PET,0.4915825
PET\pet_185.jpg,PET,PET,0.79526544
PET\pet_186.jpg,PET,PET,0.9411116
PET\pet_187.jpg,PET,PET,0.78392816
PET\pet_188.jpg,PET,PE,0.70845425
PET\pet_189.jpg,PET,ABS,0.68094295
PET\pet_19.jpg,PET,PET,0.9444868
PET\pet_190.jpg,PET,PET,0.9422203
PET\pet_191.jpg,PET,ABS,0.67265004
PET\pet_192.jpg,PET,PET,0.71572083
PET\pet_193.jpg,PET,PET,0.5970963
PET\pet_194.jpg,PET,PET,0.40415758
PET\pet_195.jpg,PET,PET,0.5971449
PET\pet_196.jpg,PET,PET,0.52862394
PET\pet_197.jpg,PET,PET,0.48386568
PET\pet_198.jpg,PET,PC,0.8366804
PET\pet_199.jpg,PET,PC,0.7884547
PET\pet_2.jpg,PET,PET,0.9603933
PET\pet_20.jpg,PET,PET,0.99014705
PET\pet_200.jpg,PET,PC,0.8252141
PET\pet_201.jpg,PET,PET,0.85962945
PET\pet_202.jpg,PET,PC,0.74744993
PET\pet_203.jpg,PET,PC,0.8374928
PET\pet_204.jpg,PET,PC,0.88198435
PET\pet_205.jpg,PET,PC,0.8203191
PET\pet_206.jpg,PET,PE,0.6705875
PET\pet_207.jpg,PET,PE,0.8280313
PET\pet_208.jpg,PET,PET,0.7865071
PET\pet_209.jpg,PET,PET,0.623918
PET\pet_21.jpg,PET,PET,0.37693992
PET\pet_210.jpg,PET,PE,0.4780761
PET\pet_211.jpg,PET,PE,0.8659398
PET\pet_212.jpg,PET,PET,0.93501544
PET\pet_213.jpg,PET,PE,0.3700119
PET\pet_214.jpg,PET,PET,0.79674155
PET\pet_215.jpg,PET,PMMA,0.31665945
PET\pet_216.jpg,PET,PE,0.30803537
PET\pet_217.jpg,PET,PVC,0.5827307
PET\pet_218.jpg,PET,PE,0.72337
PET\pet_219.jpg,PET,PET,0.67190295
PET\pet_22.jpg,PET,PET,0.9769403
PET\pet_220.jpg,PET,PE,0.61048317
PET\pet_221.jpg,PET,PC,0.424646
PET\pet_222.jpg,PET,PE,0.6798433
PET\pet_223.jpg,PET,PE,0.59261805
PET\pet_224.jpg,PET,PET,0.8165466
PET\pet_225.jpg,PET,PET,0.62303615
PET\pet_226.jpg,PET,TPU,0.3689722
PET\pet_227.jpg,PET,PET,0.9738753
PET\pet_228.jpg,PET,PC,0.5290388
PET\pet_229.jpg,PET,PE,0.9304689
PET\pet_23.jpg,PET,PET,0.9848171
PET\pet_230.jpg,PET,PC,0.29802597
PET\pet_231.jpg,PET,PE,0.33667788
PET\pet_232.jpg,PET,PET,0.5341285
PET\pet_233.jpg,PET,PS,0.37645367
PET\pet_234.jpg,PET,PS,0.62248665
PET\pet_235.jpg,PET,PET,0.73728687
PET\pet_236.jpg,PET,PTFE,0.23133722
PET\pet_237.jpg,PET,PET,0.30604538
PET\pet_238.jpg,PET,PS,0.23556417
PET\pet_239.jpg,PET,PP,0.8660671
PET\pet_24.jpg,PET,PET,0.9979426
PET\pet_240.jpg,PET,PET,0.9543367
PET\pet_241.jpg,PET,PP,0.3875822
PET\pet_242.jpg,PET,PET,0.8677267
PET\pet_243.jpg,PET,PP,0.6649436
PET\pet_244.jpg,PET,PC,0.4246171
PET\pet_245.jpg,PET,PET,0.8154889
PET\pet_246.jpg,PET,PET,0.99366105
PET\pet_247.jpg,PET,PET,0.65245265
PET\pet_248.jpg,PET,PS,0.439174
PET\pet_249.jpg,PET,PTFE,0.96743727
PET\pet_25.jpg,PET,PET,0.99524033
PET\pet_250.jpg,PET,PET,0.8100942
PET\pet_251.jpg,PET,PET,0.9268211
PET\pet_252.jpg,PET,PET,0.49721968
PET\pet_253.jpg,PET,PS,0.31373277
PET\pet_254.jpg,PET,PET,0.78142524
PET\pet_255.jpg,PET,PET,0.5024358
PET\pet_256.jpg,PET,PS,0.56301093
PET\pet_257.jpg,PET,PET,0.9463508
PET\pet_258.jpg,PET,PC,0.3175144
PET\pet_259.jpg,PET,PP,0.4195505
PET\pet_26.jpg,PET,PET,0.96415085
PET\pet_260.jpg,PET,PET,0.7060136
PET\pet_261.jpg,PET,PET,0.6349122
PET\pet_262.jpg,PET,PS,0.33518195
PET\pet_263.jpg,PET,PP,0.6898822
PET\pet_264.jpg,PET,PET,0.34021088
PET\pet_265.jpg,PET,PE,0.6895651
PET\pet_266.jpg,PET,PP,0.8414679
PMMA\pmma_1.jpg,PMMA,TPU,0.29932967
PMMA\pmma_10.jpg,PMMA,SAN,0.58171964
PP\pp_1.jpg,PP,PP,0.60406363
PP\pp_10.jpg,PP,PP,0.85847545
PP\pp_100.jpg,PP,PP,0.8912145
PP\pp_101.jpg,PP,PS,0.8975315
PP\pp_102.jpg,PP,PC,0.9085926
PP\pp_103.jpg,PP,PC,0.4334555
PP\pp_104.jpg,PP,PS,0.6297782
PP\pp_105.jpg,PP,SAN,0.32569152
PP\pp_106.jpg,PP,PS,0.747396
PP\pp_107.jpg,PP,PS,0.47718176
PP\pp_108.jpg,PP,PS,0.7549412
PP\pp_109.jpg,PP,PP,0.3237418
PP\pp_11.jpg,PP,PP,0.7634055
PP\pp_110.jpg,PP,PS,0.8006445
PP\pp_111.jpg,PP,PP,0.59585124
PP\pp_112.jpg,PP,PET,0.5928968
PP\pp_113.jpg,PP,PS,0.47732458
PP\pp_114.jpg,PP,PP,0.7820677
PP\pp_115.jpg,PP,PS,0.853725
PP\pp_116.jpg,PP,PS,0.30479085
PP\pp_117.jpg,PP,PC,0.7583321
PP\pp_118.jpg,PP,PS,0.9347083
PP\pp_119.jpg,PP,PS,0.6661318
PP\pp_12.jpg,PP,PS,0.69433683
PP\pp_120.jpg,PP,PS,0.7750037
PP\pp_121.jpg,PP,PP,0.60897905
PP\pp_122.jpg,PP,PP,0.80703825
PP\pp_123.jpg,PP,PC,0.4848616
PP\pp_124.jpg,PP,PC,0.47908667
PP\pp_125.jpg,PP,PE,0.37262672
PP\pp_126.jpg,PP,PE,0.80222934
PP\pp_127.jpg,PP,PS,0.47933304
PP\pp_128.jpg,PP,PE,0.8091051
PP\pp_129.jpg,PP,PC,0.6777873
PP\pp_13.jpg,PP,PP,0.8304946
PP\pp_130.jpg,PP,PE,0.71633285
PP\pp_131.jpg,PP,PP,0.65270007
PP\pp_132.jpg,PP,PP,0.3228515
PP\pp_133.jpg,PP,PP,0.3584732
PP\pp_134.jpg,PP,PC,0.96305025
PP\pp_135.jpg,PP,PP,0.80901
PP\pp_136.jpg,PP,PP,0.5902542
PP\pp_137.jpg,PP,PP,0.3896407
PP\pp_138.jpg,PP,SAN,0.71230775
PP\pp_139.jpg,PP,PE,0.45578608
PP\pp_14.jpg,PP,PP,0.5950869
PP\pp_140.jpg,PP,PE,0.67143726
PP\pp_141.jpg,PP,SAN,0.6883931
PP\pp_142.jpg,PP,PP,0.671968
PP\pp_143.jpg,PP,PP,0.86821055
PP\pp_144.jpg,PP,PS,0.896902
PP\pp_145.jpg,PP,PE,0.9214473
PP\pp_146.jpg,PP,PET,0.30527005
PP\pp_147.jpg,PP,PE,0.55387247
PP\pp_148.jpg,PP,PS,0.30479085
PP\pp_149.jpg,PP,PE,0.42413172
PP\pp_15.jpg,PP,PP,0.5815896
PP\pp_150.jpg,PP,PP,0.4359725
PP\pp_151.jpg,PP,PS,0.43192065
PP\pp_152.jpg,PP,PE,0.7427949
PP\pp_153.jpg,PP,PP,0.5387663
PP\pp_154.jpg,PP,PS,0.3645976
PP\pp_155.jpg,PP,PC,0.62722427
PP\pp_156.jpg,PP,TPU,0.5542495
PP\pp_157.jpg,PP,PS,0.8024157
PP\pp_158.jpg,PP,PET,0.51467824
PP\pp_159.jpg,PP,PE,0.5238326
PP\pp_16.jpg,PP,PP,0.81745124
PP\pp_160.jpg,PP,PC,0.699894
PP\pp_161.jpg,PP,PC,0.44058958
PP\pp_162.jpg,PP,PP,0.7788415
PP\pp_163.jpg,PP,PP,0.7425388
PP\pp_164.jpg,PP,PE,0.64058393
PP\pp_165.jpg,PP,PS,0.40084353
PP\pp_166.jpg,PP,PE,0.9055179
PP\pp_167.jpg,PP,PC,0.6278558
PP\pp_168.jpg,PP,PET,0.4348028
PP\pp_169.jpg,PP,PP,0.85847545
PP\pp_17.jpg,PP,PP,0.72659224
PP\pp_170.jpg,PP,PS,0.48190922
PP\pp_171.jpg,PP,PET,0.61283535
PP\pp_172.jpg,PP,SAN,0.33121052
PP\pp_173.jpg,PP,TPU,0.85379016
PP\pp_174.jpg,PP,PE,0.41918895
PP\pp_175.jpg,PP,PEEK,0.21056661
PP\pp_176.jpg,PP,PP,0.68011016
PP\pp_177.jpg,PP,PS,0.5244419
PP\pp_178.jpg,PP,PP,0.42484695
PP\pp_179.jpg,PP,PE,0.5319145
PP\pp_18.jpg,PP,PP,0.36255231
PP\pp_180.jpg,PP,PP,0.7609693
PP\pp_181.jpg,PP,PP,0.8419071
PP\pp_182.jpg,PP,PC,0.26613957
PP\pp_183.jpg,PP,SAN,0.5343143
PP\pp_184.jpg,PP,PP,0.86950177
PP\pp_185.jpg,PP,PP,0.7905999
PP\pp_186.jpg,PP,PE,0.7654879
PP\pp_187.jpg,PP,PP,0.59694564
PP\pp_188.jpg,PP,PS,0.7084047
PP\pp_189.jpg,PP,PE,0.48194015
PP\pp_19.jpg,PP,PP,0.58498895
PP\pp_190.jpg,PP,PET,0.32139793
PS\ps_1.jpg,PS,HDPE,0.43502465
PS\ps_10.jpg,PS,PC,0.7910743
PS\ps_100.jpg,PS,PP,0.78593457
PS\ps_101.jpg,PS,PP,0.43109673
PS\ps_102.jpg,PS,PP,0.6080313
PS\ps_103.jpg,PS,PC,0.5766919
PS\ps_104.jpg,PS,PP,0.5989294
PS\ps_105.jpg,PS,PP,0.98553234
PS\ps_106.jpg,PS,PS,0.60472
PS\ps_107.jpg,PS,PS,0.74940735
PS\ps_108.jpg,PS,PS,0.86682636
PS\ps_109.jpg,PS,PP,0.9216924
PS\ps_11.jpg,PS,PC,0.6058241
PS\ps_110.jpg,PS,PS,0.809947
PS\ps_111.jpg,PS,ABS,0.26351878
PS\ps_112.jpg,PS,PP,0.4257291
PS\ps_113.jpg,PS,PP,0.90359235
PS\ps_114.jpg,PS,PS,0.7170285
PS\ps_115.jpg,PS,PP,0.5463843
PS\ps_116.jpg,PS,PP,0.95214736
PS\ps_117.jpg,PS,PS,0.7318202
PS\ps_118.jpg,PS,PET,0.3187167
PS\ps_119.jpg,PS,PP,0.77317333
PS\ps_12.jpg,PS,PS,0.761712
PS\ps_120.jpg,PS,PP,0.89113307
PS\ps_121.jpg,PS,PS,0.63496745
PS\ps_122.jpg,PS,PS,0.4957913
PS\ps_123.jpg,PS,PS,0.8443414
PS\ps_124.jpg,PS,PS,0.99961287
PS\ps_125.jpg,PS,PE,0.74043435
PS\ps_126.jpg,PS,PS,0.94066113
PS\ps_127.jpg,PS,PP,0.60989255
PS\ps_128.jpg,PS,PS,0.4722547
PS\ps_129.jpg,PS,PP,0.8627513
PS\ps_13.jpg,PS,SAN,0.3273698
PS\ps_130.jpg,PS,PS,0.65004456
PS\ps_131.jpg,PS,PS,0.69972336
PS\ps_132.jpg,PS,PS,0.792325
PS\ps_133.jpg,PS,PP,0.92042994
PS\ps_134.jpg,PS,PS,0.64649874
PS\ps_135.jpg,PS,PS,0.30479085
PS\ps_136.jpg,PS,PS,0.6562542
PS\ps_137.jpg,PS,PS,0.58763444
PS\ps_138.jpg,PS,PS,0.9679933
PS\ps_139.jpg,PS,PP,0.46637714
PS\ps_14.jpg,PS,PP,0.6492544
PS\ps_140.jpg,PS,PS,0.7893416
PS\ps_141.jpg,PS,PTFE,0.31157753
PS\ps_142.jpg,PS,PP,0.65199846
PS\ps_143.jpg,PS,PS,0.75532675
PS\ps_144.jpg,PS,PS,0.9269306
PS\ps_145.jpg,PS,PS,0.9973175
PS\ps_146.jpg,PS,PS,0.7386081
PS\ps_147.jpg,PS,PS,0.79418856
PS\ps_148.jpg,PS,PS,0.30479085
PS\ps_149.jpg,PS,PP,0.7244492
PS\ps_15.jpg,PS,PS,0.5491875
PS\ps_150.jpg,PS,PS,0.99613994
PS\ps_151.jpg,PS,PS,0.9920914
PS\ps_152.jpg,PS,PS,0.8229906
PS\ps_153.jpg,PS,PS,0.8171637
PS\ps_154.jpg,PS,PS,0.72602004
PS\ps_155.jpg,PS,PS,0.69539356
PS\ps_156.jpg,PS,PP,0.4829929
PS\ps_157.jpg,PS,PP,0.6439546
PS\ps_158.jpg,PS,PS,0.6671218
PS\ps_159.jpg,PS,PS,0.8227097
PS\ps_16.jpg,PS,PET,0.601161
PS\ps_160.jpg,PS,PS,0.7413218
PS\ps_161.jpg,PS,PP,0.78593457
PS\ps_162.jpg,PS,PP,0.43109673
PS\ps_163.jpg,PS,PC,0.5766919
PS\ps_164.jpg,PS,PP,0.5989294
PS\ps_165.jpg,PS,PP,0.98553234
PS\ps_166.jpg,PS,PS,0.60472
PS\ps_167.jpg,PS,PS,0.74940735
PS\ps_168.jpg,PS,PS,0.86682636
PS\ps_169.jpg,PS,PS,0.6050637
PS\ps_17.jpg,PS,PS,0.61125
PS\ps_170.jpg,PS,PP,0.9216924
PS\ps_171.jpg,PS,PS,0.809947
PS\ps_172.jpg,PS,ABS,0.26351878
PS\ps_173.jpg,PS,PP,0.4257291
PS\ps_174.jpg,PS,PP,0.5463843
PS\ps_175.jpg,PS,PP,0.95214736
PS\ps_176.jpg,PS,PS,0.7318202
PS\ps_177.jpg,PS,PET,0.3187167
PS\ps_178.jpg,PS,PP,0.77317333
PS\ps_179.jpg,PS,PP,0.89113307
PS\ps_18.jpg,PS,PS,0.51405996
PS\ps_180.jpg,PS,PS,0.6242354
PS\ps_181.jpg,PS,PS,0.63496745
PS\ps_182.jpg,PS,PS,0.4957913
PS\ps_183.jpg,PS,PS,0.8443414
PS\ps_184.jpg,PS,PC,0.41787142
PS\ps_185.jpg,PS,PS,0.7398497
PS\ps_186.jpg,PS,PE,0.67974454
PS\ps_187.jpg,PS,PS,0.94970053
PS\ps_188.jpg,PS,PS,0.99510276
PS\ps_189.jpg,PS,PS,0.6901738
PS\ps_19.jpg,PS,PS,0.7973175
PS\ps_190.jpg,PS,PS,0.86810106
PS\ps_191.jpg,PS,PS,0.87831366
PS\ps_192.jpg,PS,PS,0.8252931
PS\ps_193.jpg,PS,PS,0.9527066
PTFE\ptfe_1.jpg,PTFE,PA,0.91883266
PTFE\ptfe_10.jpg,PTFE,PTFE,0.82768875
PTFE\ptfe_100.jpg,PTFE,PVC,0.41776302
PTFE\ptfe_101.jpg,PTFE,PTFE,0.96528196
PTFE\ptfe_102.jpg,PTFE,PTFE,0.7736416
PTFE\ptfe_11.jpg,PTFE,PVC,0.92059106
PTFE\ptfe_12.jpg,PTFE,PS,0.42757776
PTFE\ptfe_13.jpg,PTFE,PE,0.9162333
PTFE\ptfe_14.jpg,PTFE,PEEK,0.6259535
PTFE\ptfe_15.jpg,PTFE,PTFE,0.615839
PTFE\ptfe_16.jpg,PTFE,PET,0.4346965
PTFE\ptfe_17.jpg,PTFE,PA,0.57246894
PTFE\ptfe_18.jpg,PTFE,PTFE,0.91893584
PTFE\ptfe_19.jpg,PTFE,PA,0.4840965
PTFE\ptfe_2.jpg,PTFE,PTFE,0.693907
PTFE\ptfe_20.jpg,PTFE,PTFE,0.5581174
PTFE\ptfe_21.jpg,PTFE,PTFE,0.9964353
PTFE\ptfe_22.jpg,PTFE,PTFE,0.4210695
PTFE\ptfe_23.jpg,PTFE,PA,0.4620448
PTFE\ptfe_24.jpg,PTFE,PTFE,0.36165988
PVC\pvc_1.jpg,PVC,PVC,0.9950293
PVC\pvc_10.jpg,PVC,PP,0.24090646
PVC\pvc_100.jpg,PVC,TPU,0.3610682
PVC\pvc_101.jpg,PVC,PVC,0.4384534
PVC\pvc_102.jpg,PVC,TPU,0.5339768
PVC\pvc_103.jpg,PVC,PET,0.2402055
PVC\pvc_104.jpg,PVC,PEEK,0.72313005
PVC\pvc_105.jpg,PVC,TPU,0.7394878
PVC\pvc_106.jpg,PVC,PTFE,0.69228965
PVC\pvc_107.jpg,PVC,TPU,0.341363
PVC\pvc_108.jpg,PVC,PTFE,0.28478798
PVC\pvc_109.jpg,PVC,PS,0.51320857
PVC\pvc_11.jpg,PVC,PE,0.5592208
PVC\pvc_110.jpg,PVC,PS,0.8668595
PVC\pvc_111.jpg,PVC,SAN,0.9108065
PVC\pvc_112.jpg,PVC,SAN,0.72911614
PVC\pvc_113.jpg,PVC,PTFE,0.58255094
PVC\pvc_114.jpg,PVC,LDPE,0.27288818
PVC\pvc_116.jpg,PVC,TPU,0.29593095
PVC\pvc_117.jpg,PVC,TPU,0.31690875
PVC\pvc_118.jpg,PVC,TPU,0.6059342
PVC\pvc_119.jpg,PVC,PE,0.68903565
PVC\pvc_12.jpg,PVC,PC,0.7873903
PVC\pvc_120.jpg,PVC,TPU,0.8736352
PVC\pvc_121.jpg,PVC,EVA,0.57133013
PVC\pvc_122.jpg,PVC,PA,0.69452286
SAN\san_1.jpg,SAN,PA,0.67651725
SAN\san_10.jpg,SAN,PET,0.76546156
SAN\san_100.jpg,SAN,SAN,0.6548154
SAN\san_101.jpg,SAN,SAN,0.7298221
SAN\san_102.jpg,SAN,SAN,0.5419304
SAN\san_103.jpg,SAN,PTFE,0.8773598
SAN\san_104.jpg,SAN,PET,0.7146896
SAN\san_105.jpg,SAN,SAN,0.41213349
SAN\san_106.jpg,SAN,PVC,0.32343084
SAN\san_107.jpg,SAN,PET,0.449686
SAN\san_11.jpg,SAN,ABS,0.881309
SAN\san_12.jpg,SAN,PVC,0.26956886
SAN\san_13.jpg,SAN,ABS,0.93691504
SAN\san_14.jpg,SAN,SAN,0.9805356
SAN\san_15.jpg,SAN,PC,0.79157424
SAN\san_16.jpg,SAN,PET,0.2803039
SAN\san_17.jpg,SAN,SAN,0.4802925
SAN\san_18.jpg,SAN,SAN,0.53352386
SAN\san_19.jpg,SAN,PS,0.4999215
SAN\san_2.jpg,SAN,PET,0.8464854
SAN\san_20.jpg,SAN,SAN,0.51129484
TPU\tpu_1.jpg,TPU,PC,0.8684377
TPU\tpu_10.jpg,TPU,PE,0.3682645
TPU\tpu_100.jpg,TPU,PC,0.31367785
TPU\tpu_101.jpg,TPU,PE,0.40421093
TPU\tpu_102.jpg,TPU,TPU,0.9709962
TPU\tpu_103.jpg,TPU,TPU,0.40075305
TPU\tpu_104.jpg,TPU,PC,0.91339743
TPU\tpu_105.jpg,TPU,TPU,0.67823493
TPU\tpu_106.jpg,TPU,PC,0.5830714
TPU\tpu_107.jpg,TPU,PE,0.36543763
TPU\tpu_108.jpg,TPU,ABS,0.9867295
TPU\tpu_109.jpg,TPU,PS,0.5162674
TPU\tpu_11.jpg,TPU,SAN,0.81650543
TPU\tpu_110.jpg,TPU,PMMA,0.27445087
TPU\tpu_12.jpg,TPU,PS,0.4463033
TPU\tpu_13.jpg,TPU,PEEK,0.77102536
TPU\tpu_14.jpg,TPU,TPU,0.5340659
TPU\tpu_15.jpg,TPU,TPU,0.38292465
TPU\tpu_16.jpg,TPU,PE,0.42716172
TPU\tpu_17.jpg,TPU,TPU,0.53715014
TPU\tpu_18.jpg,TPU,TPU,0.99882394
